{
  "success":true,
  "terms":"https:\/\/currencylayer.com\/terms",
  "privacy":"https:\/\/currencylayer.com\/privacy",
  "timestamp":1614996727,
  "source":"USD",
  "quotes":{
    "USDAED":3.673042,
    "USDAFN":77.450404,
    "USDALL":103.625041,
    "USDAMD":525.460403,
    "USDANG":1.794193,
    "USDAOA":624.234041,
    "USDARS":90.297916,
    "USDAUD":1.300898,
    "USDAWG":1.8,
    "USDAZN":1.70397,
    "USDBAM":1.638392,
    "USDBBD":2.018195,
    "USDBDT":84.755223,
    "USDBGN":1.641285,
    "USDBHD":0.377115,
    "USDBIF":1960,
    "USDBMD":1,
    "USDBND":1.340577,
    "USDBOB":6.891785,
    "USDBRL":5.691104,
    "USDBSD":0.999539,
    "USDBTC":2.067772e-5,
    "USDBTN":72.767102,
    "USDBWP":11.136754,
    "USDBYN":2.60867,
    "USDBYR":19600,
    "USDBZD":2.014743,
    "USDCAD":1.265404,
    "USDCDF":1996.000362,
    "USDCHF":0.93097,
    "USDCLF":0.026579,
    "USDCLP":733.403912,
    "USDCNY":6.496804,
    "USDCOP":3635.15,
    "USDCRC":612.13822,
    "USDCUC":1,
    "USDCUP":26.5,
    "USDCVE":93.00036,
    "USDCZK":22.091604,
    "USDDJF":177.720394,
    "USDDKK":6.24204,
    "USDDOP":57.903886,
    "USDDZD":133.142555,
    "USDEGP":15.69725,
    "USDERN":15.000358,
    "USDETB":40.250392,
    "USDEUR":0.839201,
    "USDFJD":2.040392,
    "USDFKP":0.722901,
    "USDGBP":0.722543,
    "USDGEL":3.32504,
    "USDGGP":0.722901,
    "USDGHS":5.74039,
    "USDGIP":0.722901,
    "USDGMD":51.403853,
    "USDGNF":10080.000355,
    "USDGTQ":7.703791,
    "USDGYD":209.115888,
    "USDHKD":7.763355,
    "USDHNL":24.350389,
    "USDHRK":6.355704,
    "USDHTG":77.74641,
    "USDHUF":308.322504,
    "USDIDR":14399.15,
    "USDILS":3.33261,
    "USDIMP":0.722901,
    "USDINR":73.180904,
    "USDIQD":1462.5,
    "USDIRR":42105.000352,
    "USDISK":128.330386,
    "USDJEP":0.722901,
    "USDJMD":149.469734,
    "USDJOD":0.70904,
    "USDJPY":108.40504,
    "USDKES":109.603804,
    "USDKGS":84.803801,
    "USDKHR":4060.000351,
    "USDKMF":413.350384,
    "USDKPW":899.950545,
    "USDKRW":1128.225039,
    "USDKWD":0.30307,
    "USDKYD":0.832928,
    "USDKZT":419.786387,
    "USDLAK":9365.000349,
    "USDLBP":1524.408154,
    "USDLKR":195.90807,
    "USDLRD":173.925039,
    "USDLSL":15.360382,
    "USDLTL":2.95274,
    "USDLVL":0.60489,
    "USDLYD":4.472126,
    "USDMAD":9.020504,
    "USDMDL":17.591623,
    "USDMGA":3744.000347,
    "USDMKD":51.61466,
    "USDMMK":1409.338717,
    "USDMNT":2851.590238,
    "USDMOP":7.992611,
    "USDMRO":356.999828,
    "USDMUR":39.853643,
    "USDMVR":15.403741,
    "USDMWK":777.503739,
    "USDMXN":21.31519,
    "USDMYR":4.074039,
    "USDMZN":74.530377,
    "USDNAD":15.360377,
    "USDNGN":381.000344,
    "USDNIO":35.045039,
    "USDNOK":8.542325,
    "USDNPR":116.427363,
    "USDNZD":1.395685,
    "USDOMR":0.385034,
    "USDPAB":0.999539,
    "USDPEN":3.691039,
    "USDPGK":3.535039,
    "USDPHP":48.617417,
    "USDPKR":157.000342,
    "USDPLN":3.851825,
    "USDPYG":6664.516561,
    "USDQAR":3.641038,
    "USDRON":4.098304,
    "USDRSD":98.446073,
    "USDRUB":74.345104,
    "USDRWF":977.5,
    "USDSAR":3.752242,
    "USDSBD":8.016037,
    "USDSCR":21.21469,
    "USDSDG":380.00034,
    "USDSEK":8.527715,
    "USDSGD":1.342404,
    "USDSHP":0.722901,
    "USDSLL":10205.000339,
    "USDSOS":585.000338,
    "USDSRD":14.154038,
    "USDSTD":20282.133983,
    "USDSVC":8.746387,
    "USDSYP":512.775718,
    "USDSZL":15.35037,
    "USDTHB":30.551038,
    "USDTJS":11.389571,
    "USDTMT":3.51,
    "USDTND":2.743038,
    "USDTOP":2.283404,
    "USDTRY":7.538804,
    "USDTTD":6.784727,
    "USDTWD":27.942504,
    "USDTZS":2319.000336,
    "USDUAH":27.749277,
    "USDUGX":3656.293194,
    "USDUSD":1,
    "USDUYU":43.93419,
    "USDUZS":10490.000335,
    "USDVEF":9.987504,
    "USDVND":23034,
    "USDVUV":107.225036,
    "USDWST":2.552468,
    "USDXAF":549.497378,
    "USDXAG":0.039609,
    "USDXAU":0.000588,
    "USDXCD":2.70255,
    "USDXDR":0.696215,
    "USDXOF":544.503602,
    "USDXPF":100.5036,
    "USDYER":250.350364,
    "USDZAR":15.36436,
    "USDZMK":9001.203593,
    "USDZMW":21.919497,
    "USDZWL":322.000331
  }
}